<?xml version="1.0" encoding="UTF-8"?>
<beans xmlns="http://www.springframework.org/schema/beans"
xmlns:xsi="http://www.w3.org/2001/XMLSchema-instance" xmlns:aop="http://www.springframework.org/schema/aop"
xsi:schemaLocation="http://www.springframework.org/schema/beans http://www.springframework.org/schema/beans/spring-beans-3.0.xsd">
	<!-- Method Injection -->
	<bean name ="mobileStore" class ="MobileStore">
		<replaced-method name="buyMobile" replacer="mobileStoreReplacer"/>
	</bean>
	
	<bean name ="mobileStoreReplacer" class ="MobileStoreReplacer"/>
	
	<!-- Look up method --> 
	<bean name ="springBook" class ="ProgrammingBook"/>
		
	<bean name ="book" class ="BookStore">
	<lookup-method name="orderBook" bean ="springBook"/>
	</bean>
	
	<!-- Bean Scope -->
	<bean name ="student" class ="Student"  scope="prototype"/>
</beans>